State,Place_Name,Weather,Crowd_Level,Best_Time_To_Visit,Famous_For,Tourism_Type,Budget_Level
Uttar Pradesh,Agra,Pleasant,High,Oct-Mar,Taj Mahal,Historical,Low
Uttar Pradesh,Varanasi,Pleasant,High,Oct-Mar,Ganga Aarti,Religious,Low
Rajasthan,Jaipur,Pleasant,High,Oct-Mar,Pink City,Historical,Medium
Rajasthan,Udaipur,Pleasant,Moderate,Oct-Mar,City of Lakes,Historical,Medium
Goa,Baga Beach,Warm,High,Nov-Feb,Nightlife,Beach,High
Goa,Calangute,Warm,High,Nov-Feb,Beaches,Beach,High
Himachal Pradesh,Manali,Cold,High,Dec-Feb,Snow & Adventure,Hill Station,Medium
Himachal Pradesh,Shimla,Pleasant,High,Mar-Jun,Colonial Town,Hill Station,Medium
Kerala,Munnar,Pleasant,Moderate,Sep-Mar,Tea Gardens,Hill Station,Medium
Kerala,Alleppey,Pleasant,Moderate,Sep-Mar,Backwaters,Nature,Medium
Maharashtra,Mumbai,Pleasant,High,Nov-Feb,Gateway of India,City,High
Maharashtra,Ajanta Caves,Pleasant,Moderate,Oct-Mar,Buddhist Caves,Historical,Low
Karnataka,Mysore,Pleasant,High,Oct-Mar,Mysore Palace,Historical,Low
Karnataka,Hampi,Pleasant,Moderate,Oct-Feb,UNESCO Ruins,Historical,Low
Tamil Nadu,Ooty,Pleasant,High,Mar-Jun,Nilgiri Hills,Hill Station,Medium
Tamil Nadu,Madurai,Pleasant,High,Oct-Mar,Meenakshi Temple,Religious,Low
West Bengal,Darjeeling,Pleasant,High,Mar-May,Tea Gardens,Hill Station,Medium
West Bengal,Sundarbans,Pleasant,Low,Nov-Feb,Mangrove Forest,Wildlife,Medium
Uttarakhand,Nainital,Pleasant,High,Mar-Jun,Lake Town,Hill Station,Medium
Uttarakhand,Rishikesh,Pleasant,Moderate,Oct-Apr,Yoga Capital,Spiritual,Low
Punjab,Amritsar,Pleasant,High,Oct-Mar,Golden Temple,Religious,Low
Gujarat,Statue of Unity,Pleasant,High,Oct-Mar,World's Tallest Statue,Historical,Medium
Odisha,Puri,Pleasant,High,Oct-Mar,Jagannath Temple,Religious,Low
Bihar,Bodh Gaya,Pleasant,High,Oct-Mar,Mahabodhi Temple,Religious,Low
Assam,Kaziranga,Pleasant,Moderate,Nov-Apr,One-horned Rhino,Wildlife,Medium
Meghalaya,Shillong,Pleasant,Moderate,Oct-May,Scotland of East,Hill Station,Medium
Sikkim,Gangtok,Pleasant,Moderate,Mar-Jun,Capital City,Hill Station,Medium
Telangana,Hyderabad,Pleasant,High,Oct-Feb,Charminar,City,Medium
Andhra Pradesh,Visakhapatnam,Pleasant,High,Oct-Mar,Beaches,Beach,Medium
Andhra Pradesh,Tirupati,Pleasant,High,Sep-Mar,Tirumala Temple,Religious,Low
Andhra Pradesh,Araku Valley,Pleasant,Moderate,Oct-Feb,Hill Views,Hill Station,Medium
Arunachal Pradesh,Tawang,Cold,Moderate,Mar-Oct,Monastery,Hill Station,Medium
Arunachal Pradesh,Ziro,Pleasant,Low,Mar-Oct,Music Festival,Nature,Medium
Arunachal Pradesh,Bomdila,Cold,Low,Apr-Oct,Monasteries,Hill Station,Medium
Assam,Guwahati,Pleasant,High,Oct-Apr,Kamakhya Temple,Religious,Low
Assam,Kaziranga,Pleasant,Moderate,Nov-Apr,Wildlife Safari,Wildlife,Medium
Assam,Majuli,Pleasant,Low,Oct-Mar,River Island,Cultural,Low
Bihar,Nalanda,Pleasant,Moderate,Oct-Mar,Ancient University,Historical,Low
Bihar,Rajgir,Pleasant,Moderate,Oct-Mar,Buddhist Sites,Religious,Low
Bihar,Bodh Gaya,Pleasant,High,Oct-Mar,Mahabodhi Temple,Religious,Low
Chhattisgarh,Raipur,Pleasant,Moderate,Oct-Feb,Capital City,City,Low
Chhattisgarh,Chitrakote Falls,Pleasant,Low,Oct-Mar,Waterfall,Nature,Low
Chhattisgarh,Bastar,Pleasant,Low,Oct-Mar,Tribal Culture,Cultural,Low
Goa,Anjuna Beach,Warm,High,Nov-Feb,Beach Parties,Beach,High
Goa,Palolem Beach,Warm,Moderate,Nov-Feb,Scenic Beach,Beach,High
Goa,Old Goa,Pleasant,Moderate,Oct-Mar,Churches,Historical,Medium
Gujarat,Dwarka,Pleasant,High,Oct-Mar,Krishna Temple,Religious,Low
Gujarat,Gir Forest,Pleasant,Moderate,Nov-Mar,Asiatic Lions,Wildlife,Medium
Gujarat,Rann of Kutch,Pleasant,High,Nov-Feb,White Desert,Nature,Medium
Haryana,Kurukshetra,Pleasant,Moderate,Oct-Mar,Mahabharata Land,Religious,Low
Haryana,Panchkula,Pleasant,Moderate,Oct-Mar,Hill Views,City,Medium
Haryana,Surajkund,Pleasant,Low,Feb,Handicraft Fair,Cultural,Low
Himachal Pradesh,Dharamshala,Cold,Moderate,Mar-Jun,Dalai Lama,Hill Station,Medium
Himachal Pradesh,Kasol,Cold,High,Oct-Mar,Trekking,Hill Station,Medium
Himachal Pradesh,Spiti Valley,Cold,Low,May-Oct,Cold Desert,Adventure,Medium
Jharkhand,Netarhat,Pleasant,Low,Oct-Mar,Queen of Chotanagpur,Hill Station,Low
Jharkhand,Baidyanath Dham,Pleasant,High,Oct-Mar,Shiva Temple,Religious,Low
Jharkhand,Hazaribagh,Pleasant,Low,Oct-Feb,Wildlife Sanctuary,Nature,Low
Karnataka,Coorg,Pleasant,Moderate,Oct-Mar,Coffee Plantations,Hill Station,Medium
Karnataka,Gokarna,Warm,Moderate,Oct-Mar,Beaches,Beach,Medium
Karnataka,Badami,Pleasant,Low,Oct-Mar,Cave Temples,Historical,Low
Kerala,Wayanad,Pleasant,Moderate,Oct-Mar,Forests & Hills,Nature,Medium
Kerala,Varkala,Pleasant,Moderate,Oct-Mar,Cliff Beach,Beach,Medium
Kerala,Kovalam,Pleasant,High,Oct-Mar,Beach Resort,Beach,High
Madhya Pradesh,Khajuraho,Pleasant,High,Oct-Mar,Temples,Historical,Medium
Madhya Pradesh,Pachmarhi,Pleasant,Low,Oct-Mar,Hill Station,Hill Station,Low
Madhya Pradesh,Kanha,Pleasant,Moderate,Nov-Mar,Tiger Reserve,Wildlife,Medium
Maharashtra,Lonavala,Pleasant,High,Jun-Feb,Hill Views,Hill Station,Medium
Maharashtra,Shirdi,Pleasant,High,Oct-Mar,Sai Baba Temple,Religious,Low
Maharashtra,Tarkarli,Warm,Low,Oct-Mar,Scuba Diving,Beach,Medium
Manipur,Loktak Lake,Pleasant,Low,Oct-Mar,Floating Lake,Nature,Low
Manipur,Imphal,Pleasant,Moderate,Oct-Mar,War Memorial,City,Low
Manipur,Ukhrul,Pleasant,Low,Oct-Mar,Hill Views,Hill Station,Low
Meghalaya,Cherrapunji,Pleasant,High,Oct-May,Living Roots,Nature,Medium
Meghalaya,Mawsynram,Pleasant,Low,Oct-May,Wettest Place,Nature,Low
Meghalaya,Dawki,Pleasant,Moderate,Oct-Mar,Crystal River,Nature,Medium
Mizoram,Aizawl,Pleasant,Moderate,Oct-Mar,Capital City,City,Low
Mizoram,Reiek,Pleasant,Low,Oct-Mar,Hill Village,Hill Station,Low
Mizoram,Lunglei,Pleasant,Low,Oct-Mar,Scenic Views,Nature,Low
Nagaland,Kohima,Pleasant,Moderate,Oct-Mar,War Cemetery,Historical,Low
Nagaland,Dzukou Valley,Pleasant,Moderate,Jun-Sep,Valley of Flowers,Nature,Medium
Nagaland,Mon,Pleasant,Low,Oct-Mar,Tribal Culture,Cultural,Low
Odisha,Konark,Pleasant,High,Oct-Mar,Sun Temple,Historical,Low
Odisha,Chilika Lake,Pleasant,Moderate,Nov-Feb,Bird Sanctuary,Nature,Medium
Odisha,Bhubaneswar,Pleasant,High,Oct-Mar,Temple City,Religious,Low
Punjab,Patiala,Pleasant,Moderate,Oct-Mar,Palaces,Historical,Low
Punjab,Anandpur Sahib,Pleasant,Moderate,Oct-Mar,Sikh Heritage,Religious,Low
Punjab,Wagah Border,Pleasant,High,Oct-Mar,Beating Retreat,Patriotic,Low
Rajasthan,Jaisalmer,Pleasant,High,Oct-Mar,Golden Fort,Historical,Medium
Rajasthan,Bikaner,Pleasant,Moderate,Oct-Mar,Junagarh Fort,Historical,Low
Rajasthan,Mount Abu,Pleasant,Moderate,Oct-Mar,Hill Station,Hill Station,Medium
Sikkim,Pelling,Pleasant,Moderate,Mar-Jun,Kangchenjunga View,Hill Station,Medium
Sikkim,Lachung,Cold,Low,Apr-Jun,Snow Valley,Hill Station,Medium
Sikkim,Namchi,Pleasant,Low,Mar-Oct,Char Dham,Religious,Low
Tamil Nadu,Kodaikanal,Pleasant,High,Mar-Jun,Hill Station,Hill Station,Medium
Tamil Nadu,Rameswaram,Pleasant,High,Oct-Mar,Temple,Religious,Low
Tamil Nadu,Yercaud,Pleasant,Moderate,Oct-Jun,Shevaroy Hills,Hill Station,Low
Telangana,Warangal,Pleasant,Moderate,Oct-Feb,Kakatiya Fort,Historical,Low
Telangana,Bhadrachalam,Pleasant,High,Oct-Mar,Rama Temple,Religious,Low
Telangana,Nagarjuna Sagar,Pleasant,Moderate,Oct-Feb,Dam,Nature,Low
Tripura,Agartala,Pleasant,Moderate,Oct-Mar,Ujjayanta Palace,Historical,Low
Tripura,Unakoti,Pleasant,Low,Oct-Mar,Rock Carvings,Historical,Low
Tripura,Neermahal,Pleasant,Low,Oct-Mar,Water Palace,Historical,Low
Uttar Pradesh,Mathura,Pleasant,High,Oct-Mar,Krishna Janmabhoomi,Religious,Low
Uttar Pradesh,Ayodhya,Pleasant,High,Oct-Mar,Ram Mandir,Religious,Low
Uttar Pradesh,Prayagraj,Pleasant,High,Oct-Mar,Sangam,Religious,Low
Uttarakhand,Mussoorie,Pleasant,High,Mar-Jun,Queen of Hills,Hill Station,Medium
Uttarakhand,Auli,Cold,Moderate,Dec-Feb,Skiing,Hill Station,Medium
Uttarakhand,Haridwar,Pleasant,High,Oct-Mar,Ganga Aarti,Religious,Low
West Bengal,Kalimpong,Pleasant,Moderate,Mar-May,Hill Views,Hill Station,Medium
West Bengal,Shantiniketan,Pleasant,Moderate,Oct-Mar,Tagore University,Cultural,Low
West Bengal,Mirik,Pleasant,Low,Mar-May,Lake Town,Nature,Low
Andaman and Nicobar,Havelock Island,Pleasant,High,Oct-May,Scuba Diving,Beach,High
Andaman and Nicobar,Neil Island,Pleasant,Moderate,Oct-May,Coral Beaches,Beach,Medium
Andaman and Nicobar,Port Blair,Pleasant,High,Oct-May,Cellular Jail,Historical,Medium
Chandigarh,Rock Garden,Pleasant,High,Oct-Mar,Art Park,Cultural,Low
Chandigarh,Sukhna Lake,Pleasant,High,Oct-Mar,Lake View,Nature,Low
Chandigarh,Rose Garden,Pleasant,Moderate,Feb,Flower Festival,Nature,Low
Dadra and Nagar Haveli,Silvassa,Pleasant,Moderate,Oct-Mar,Nature Resorts,Nature,Low
Daman and Diu,Diu Fort,Pleasant,Moderate,Oct-Mar,Portuguese Fort,Historical,Low
Delhi,India Gate,Pleasant,High,Oct-Mar,War Memorial,Historical,Low
Delhi,Qutub Minar,Pleasant,High,Oct-Mar,UNESCO Site,Historical,Low
Delhi,Akshardham,Pleasant,High,Oct-Mar,Temple,Religious,Low
Jammu and Kashmir,Gulmarg,Cold,High,Dec-Feb,Ski Resort,Hill Station,High
Jammu and Kashmir,Pahalgam,Cold,Moderate,Apr-Jun,Valley Views,Hill Station,Medium
Jammu and Kashmir,Srinagar,Pleasant,High,Apr-Oct,Dal Lake,Nature,Medium
Ladakh,Pangong Lake,Cold,High,May-Sep,Blue Lake,Nature,High
Ladakh,Nubra Valley,Cold,Moderate,May-Sep,Cold Desert,Adventure,High
Ladakh,Leh,Cold,High,May-Sep,Monasteries,Cultural,Medium
Lakshadweep,Agatti Island,Pleasant,Low,Oct-Mar,Coral Reefs,Beach,High
Lakshadweep,Bangaram Island,Pleasant,Low,Oct-Mar,Luxury Beach,Beach,High
Puducherry,Auroville,Pleasant,Moderate,Oct-Mar,Spiritual Community,Spiritual,Medium
Puducherry,Promenade Beach,Pleasant,High,Oct-Mar,Sea Walk,Beach,Low
Andhra Pradesh,Visakha Museum,Pleasant,Low,Oct-Mar,Historical Museum,Cultural,Low
Andhra Pradesh,Araku Coffee Plantations,Pleasant,Moderate,Oct-Mar,Coffee Plantations,Hill Station,Medium
Andhra Pradesh,Borra Caves,Pleasant,Moderate,Oct-Mar,Stalactites & Stalagmites,Nature,Medium
Arunachal Pradesh,Sangti Valley,Cold,Low,Mar-Oct,Scenic Valley,Nature,Medium
Arunachal Pradesh,Itanagar,Pleasant,Moderate,Oct-Mar,Capital City,City,Low
Arunachal Pradesh,Mokokchung,Pleasant,Low,Apr-Oct,Tribal Culture,Cultural,Low
Assam,Majuli Island,Pleasant,Low,Oct-Mar,River Island,Cultural,Low
Assam,Haflong,Pleasant,Low,Oct-Mar,Hill Station,Hill Station,Low
Assam,Sivasagar,Pleasant,Moderate,Oct-Mar,Ahom Temples,Historical,Low
Bihar,Patna,Pleasant,High,Oct-Mar,Patna Museum,Historical,Low
Bihar,Sasaram,Pleasant,Moderate,Oct-Mar,Shahjahan Tomb,Historical,Low
Bihar,Gaya,Pleasant,High,Oct-Mar,Buddhist Sites,Religious,Low
Chhattisgarh,Raigarh,Pleasant,Low,Oct-Mar,Forts & Palaces,Historical,Low
Chhattisgarh,Bhilai,Pleasant,Moderate,Oct-Mar,Steel City,City,Low
Chhattisgarh,Kawardha,Pleasant,Low,Oct-Mar,Mahal Palace,Historical,Low
Goa,Colva Beach,Warm,Moderate,Nov-Feb,White Sand Beach,Beach,Medium
Goa,Chapora Fort,Warm,Low,Nov-Feb,Fort Views,Historical,Medium
Goa,Mandrem Beach,Warm,Low,Nov-Feb,Serene Beach,Beach,High
Gujarat,Saputara,Pleasant,Moderate,Oct-Mar,Hill Station,Hill Station,Medium
Gujarat,Junagadh,Pleasant,Moderate,Oct-Mar,Uparkot Fort,Historical,Low
Gujarat,Bhuj,Pleasant,High,Nov-Feb,Handicrafts,Cultural,Medium
Haryana,Sultanpur Bird Sanctuary,Pleasant,Low,Oct-Mar,Bird Watching,Wildlife,Low
Haryana,Pinjore Gardens,Pleasant,Moderate,Oct-Mar,Mughal Gardens,Nature,Low
Haryana,Kasauli,Pleasant,Low,Mar-Jun,Hill Views,Hill Station,Medium
Himachal Pradesh,Solang Valley,Cold,High,Dec-Feb,Adventure Sports,Adventure,Medium
Himachal Pradesh,Kullu,Pleasant,High,Oct-Mar,River Valley,Hill Station,Medium
Himachal Pradesh,Chamba,Pleasant,Low,Oct-Mar,Palaces & Temples,Historical,Medium
Jharkhand,Ranchi,Pleasant,Moderate,Oct-Mar,Waterfalls,Nature,Low
Jharkhand,Baidyanathdham,Pleasant,High,Oct-Mar,Shiva Temple,Religious,Low
Jharkhand,Netarhat,Pleasant,Low,Oct-Mar,Hill Station,Hill Station,Low
Karnataka,Coorg,Pleasant,Moderate,Oct-Mar,Coffee Plantations,Hill Station,Medium
Karnataka,Chikmagalur,Pleasant,Moderate,Oct-Mar,Hill Station,Hill Station,Medium
Karnataka,Kudremukh,Pleasant,Low,Oct-Mar,National Park,Wildlife,Medium
Kerala,Thekkady,Pleasant,Moderate,Oct-Mar,Periyar Tiger Reserve,Wildlife,Medium
Kerala,Fort Kochi,Pleasant,Moderate,Oct-Mar,Colonial Architecture,Historical,Medium
Kerala,Wayanad,Pleasant,Moderate,Oct-Mar,Tea Plantations,Hill Station,Medium
Madhya Pradesh,Orchha,Pleasant,Moderate,Oct-Mar,Palaces & Temples,Historical,Low
Madhya Pradesh,Bandhavgarh,Pleasant,Moderate,Nov-Mar,Tiger Reserve,Wildlife,Medium
Madhya Pradesh,Gwalior,Pleasant,High,Oct-Mar,Gwalior Fort,Historical,Medium
Maharashtra,Pune,Pleasant,High,Oct-Mar,City Life,City,Medium
Maharashtra,Nashik,Pleasant,Moderate,Oct-Mar,Vineyards,Nature,Medium
Maharashtra,Sindhudurg,Pleasant,Low,Nov-Feb,Fort & Beaches,Historical,Medium
Manipur,Keibul Lamjao Lake,Pleasant,Low,Oct-Mar,Floating National Park,Wildlife,Medium
Manipur,Kangla Fort,Pleasant,Moderate,Oct-Mar,Historical Fort,Historical,Low
Manipur,Seru,Pleasant,Low,Oct-Mar,Hill Views,Hill Station,Low
Meghalaya,Mawlynnong,Pleasant,Low,Oct-Mar,Cleanest Village,Cultural,Low
Meghalaya,Nongriat,Pleasant,Low,Oct-Mar,Double Decker Bridges,Nature,Low
Meghalaya,Khasi Hills,Pleasant,Moderate,Oct-Mar,Hill Station,Hill Station,Medium
Mizoram,Serchhip,Pleasant,Low,Oct-Mar,Hill Station,Hill Station,Low
Mizoram,Champhai,Pleasant,Low,Oct-Mar,Border Town,Cultural,Low
Mizoram,Hmuifang,Pleasant,Moderate,Oct-Mar,Hill Resort,Hill Station,Medium
Nagaland,Khonoma,Pleasant,Low,Oct-Mar,Angami Village,Cultural,Low
Nagaland,Kisama,Pleasant,Moderate,Dec,Tribal Festival,Cultural,Low
Nagaland,Mon District,Pleasant,Low,Oct-Mar,Scenic Villages,Hill Station,Low
Odisha,Bhubaneswar,Pleasant,High,Oct-Mar,Temple City,Religious,Low
Odisha,Chandipur,Pleasant,Low,Oct-Mar,Beach & Tides,Beach,Medium
Odisha,Sambalpur,Pleasant,Moderate,Oct-Mar,Hirakud Dam,Nature,Medium
Punjab,Ludhiana,Pleasant,Moderate,Oct-Mar,Textile Hub,City,Low
Punjab,Jalandhar,Pleasant,Moderate,Oct-Mar,Sports City,City,Low
Punjab,Patiala,Pleasant,Moderate,Oct-Mar,Palaces & Gardens,Historical,Low
Rajasthan,Chittorgarh,Pleasant,Moderate,Oct-Mar,Fort,Historical,Medium
Rajasthan,Bundi,Pleasant,Low,Oct-Mar,Palaces & Stepwells,Historical,Medium
Rajasthan,Sawai Madhopur,Pleasant,Moderate,Nov-Feb,Ranthambore Tiger Reserve,Wildlife,Medium
Sikkim,Ravangla,Pleasant,Moderate,Mar-Jun,Hill Station,Hill Station,Medium
Sikkim,Yuksom,Pleasant,Low,Mar-Jun,Himalayan Base,Hill Station,Medium
Sikkim,Temi Tea Garden,Pleasant,Low,Oct-Mar,Tea Plantation,Nature,Medium
Tamil Nadu,Chennai,Pleasant,High,Oct-Mar,Marina Beach,City,Medium
Tamil Nadu,Thanjavur,Pleasant,Moderate,Oct-Mar,Big Temple,Historical,Low
Tamil Nadu,Kanchipuram,Pleasant,High,Oct-Mar,Temple City,Religious,Low
Telangana,Nizamabad,Pleasant,Moderate,Oct-Feb,Historical Fort,Historical,Low
Telangana,Kazipet,Pleasant,Low,Oct-Feb,Railway Town,City,Low
Telangana,Medak,Pleasant,Moderate,Oct-Feb,Medak Cathedral,Historical,Low
Tripura,Teliamura,Pleasant,Low,Oct-Mar,Nature & Forests,Nature,Low
Tripura,Khowai,Pleasant,Low,Oct-Mar,Rivers & Hills,Nature,Low
Tripura,Tripura Sundari,Pleasant,High,Oct-Mar,Temple,Religious,Low
Uttar Pradesh,Meerut,Pleasant,Moderate,Oct-Mar,Historical City,Historical,Low
Uttar Pradesh,Lucknow,Pleasant,High,Oct-Mar,Heritage City,Historical,Medium
Uttar Pradesh,Jaunpur,Pleasant,Low,Oct-Mar,Temples & Monuments,Historical,Low
Uttarakhand,Ranikhet,Pleasant,Moderate,Mar-Jun,Hill Station,Hill Station,Medium
Uttarakhand,Binsar,Pleasant,Low,Mar-Jun,Wildlife Sanctuary,Nature,Medium
Uttarakhand,Almora,Pleasant,Moderate,Mar-Jun,Hill Views,Hill Station,Medium
West Bengal,Kalimpong,Pleasant,Moderate,Mar-May,Hill Station,Hill Station,Medium
West Bengal,Digha,Pleasant,High,Oct-Mar,Beach,Beach,Medium
West Bengal,Kolkata,Pleasant,High,Oct-Mar,Heritage City,City,Medium
Andaman and Nicobar,Neil Island,Pleasant,Moderate,Oct-May,Coral Beach,Beach,Medium
Andaman and Nicobar,Havelock Island,Pleasant,High,Oct-May,Scuba Diving,Beach,High
Andaman and Nicobar,Baratang Island,Pleasant,Low,Oct-Mar,Limestone Caves,Nature,Medium
Chandigarh,Chandigarh Capitol Complex,Pleasant,Moderate,Oct-Mar,Architecture,Historical,Low
Dadra and Nagar Haveli,Khadi Gramodyog,Pleasant,Low,Oct-Mar,Handicraft Village,Cultural,Low
Daman and Diu,Daman,Pleasant,Moderate,Oct-Mar,Forts,Historical,Low
Delhi,Red Fort,Pleasant,High,Oct-Mar,Historical Fort,Historical,Low
Jammu and Kashmir,Sonmarg,Cold,Moderate,May-Sep,Hill Station,Hill Station,Medium
Jammu and Kashmir,Leh Palace,Cold,Moderate,May-Sep,Historic Palace,Cultural,Medium
Ladakh,Tso Moriri Lake,Cold,Low,May-Sep,Lake Views,Nature,High
Lakshadweep,Kavaratti,Pleasant,Low,Oct-Mar,Lighthouse & Beach,Beach,High
Puducherry,Paradise Beach,Pleasant,Moderate,Oct-Mar,Beach,Beach,Medium
Puducherry,Pondicherry French Quarter,Pleasant,High,Oct-Mar,Colonial Architecture,Historical,Medium
Andhra Pradesh,Kondapalli,Pleasant,Low,Oct-Mar,Woodcraft Village,Cultural,Low
Andhra Pradesh,Nagarjuna Sagar,Pleasant,Moderate,Oct-Mar,Dam & Reservoir,Nature,Medium
Andhra Pradesh,Srisailam,Pleasant,High,Oct-Mar,Temple & Wildlife,Religious,Medium
Arunachal Pradesh,Parshuram Kund,Cold,Low,Oct-Mar,Pilgrimage Site,Religious,Low
Arunachal Pradesh,Yingkiong,Pleasant,Low,Mar-Oct,River Views,Nature,Low
Arunachal Pradesh,Ziro Plateau,Pleasant,Low,Apr-Oct,Music Festival,Cultural,Medium
Assam,Sualkuchi,Pleasant,Low,Oct-Mar,Silk Village,Cultural,Low
Assam,Hajo,Pleasant,Moderate,Oct-Mar,Pilgrimage Town,Religious,Low
Assam,Sibsagar,Pleasant,Moderate,Oct-Mar,Ahom Heritage,Historical,Low
Bihar,Vaishali,Pleasant,Low,Oct-Mar,Ancient City,Historical,Low
Bihar,Kaimur,Pleasant,Low,Oct-Mar,Waterfalls & Hills,Nature,Low
Bihar,Rohtasgarh Fort,Pleasant,Low,Oct-Mar,Fort,Historical,Low
Chhattisgarh,Bhilai Steel Plant,Pleasant,Moderate,Oct-Mar,Industrial City,City,Low
Chhattisgarh,Kanker,Pleasant,Low,Oct-Mar,Tribal Culture,Cultural,Low
Chhattisgarh,Dantewada,Pleasant,Low,Oct-Mar,Tribal Villages,Cultural,Low
Goa,Agonda Beach,Warm,Moderate,Nov-Feb,Quiet Beach,Beach,Medium
Goa,Sinquerim Beach,Warm,Moderate,Nov-Feb,Beach & Fort,Beach,Medium
Goa,Fort Aguada,Warm,High,Nov-Feb,Historical Fort,Historical,Medium
Gujarat,Lothal,Pleasant,Low,Oct-Mar,Indus Valley Site,Historical,Low
Gujarat,Pavagadh,Pleasant,Moderate,Oct-Mar,Fort & Temple,Historical,Medium
Gujarat,Velavadar,Pleasant,Low,Oct-Mar,Blackbuck Sanctuary,Wildlife,Medium
Haryana,Bhiwani,Pleasant,Low,Oct-Mar,Heritage Sites,Historical,Low
Haryana,Faridabad,Pleasant,Moderate,Oct-Mar,Industrial City,City,Low
Haryana,Karnal,Pleasant,Moderate,Oct-Mar,Historical City,Historical,Low
Himachal Pradesh,Karsog,Pleasant,Low,Apr-Jun,Valley & Temples,Hill Station,Medium
Himachal Pradesh,Basholi,Pleasant,Low,Oct-Mar,Paintings & Culture,Cultural,Low
Himachal Pradesh,Chail,Pleasant,Moderate,Mar-Jun,Palace & Hill Station,Hill Station,Medium
Jharkhand,Dhanbad,Pleasant,Moderate,Oct-Mar,Coal City,City,Low
Jharkhand,Deoghar,Pleasant,High,Oct-Mar,Baba Baidyanath Temple,Religious,Low
Jharkhand,Ramgarh,Pleasant,Low,Oct-Mar,Hill Station,Hill Station,Low
Karnataka,Badami,Pleasant,Low,Oct-Mar,Cave Temples,Historical,Low
Karnataka,Gulbarga,Pleasant,Moderate,Oct-Mar,Heritage Forts,Historical,Low
Karnataka,Raichur,Pleasant,Low,Oct-Mar,Historic Fort,Historical,Low
Kerala,Kumarakom,Pleasant,Moderate,Oct-Mar,Backwaters,Nature,Medium
Kerala,Vypin Island,Pleasant,Moderate,Oct-Mar,Lighthouse & Beach,Beach,Medium
Kerala,Periyar Tiger Reserve,Pleasant,Moderate,Oct-Mar,Wildlife Sanctuary,Wildlife,Medium
Madhya Pradesh,Rewa,Pleasant,Low,Oct-Mar,Waterfalls,Nature,Low
Madhya Pradesh,Omkareshwar,Pleasant,Moderate,Oct-Mar,Temple Town,Religious,Medium
Madhya Pradesh,Sanchi,Pleasant,Moderate,Oct-Mar,Buddhist Stupa,Historical,Medium
Maharashtra,Khandala,Pleasant,Moderate,Jun-Feb,Hill Station,Hill Station,Medium
Maharashtra,Alibaug,Pleasant,Moderate,Oct-Mar,Beaches,Beach,Medium
Maharashtra,Kolhapur,Pleasant,High,Oct-Mar,Temples & Forts,Historical,Medium
Manipur,Imphal Polo Ground,Pleasant,Moderate,Oct-Mar,Traditional Sports,Cultural,Low
Manipur,Andro Village,Pleasant,Low,Oct-Mar,Pottery Village,Cultural,Low
Manipur,Lamdong,Pleasant,Low,Oct-Mar,Hill Views,Hill Station,Low
Meghalaya,Shillong Peak,Pleasant,Moderate,Oct-Mar,Scenic View,Hill Station,Medium
Meghalaya,Wahkaji Waterfall,Pleasant,Low,Oct-Mar,Waterfall,Nature,Low
Meghalaya,Elephant Falls,Pleasant,Moderate,Oct-Mar,Waterfall,Nature,Medium
Mizoram,Tuichang,Pleasant,Low,Oct-Mar,Hill Station,Hill Station,Low
Mizoram,Saitual,Pleasant,Low,Oct-Mar,Scenic Village,Nature,Low
Mizoram,Aizawl Zoo,Pleasant,Moderate,Oct-Mar,Wildlife,Wildlife,Medium
Nagaland,Mon Town,Pleasant,Low,Oct-Mar,Tribal Culture,Cultural,Low
Nagaland,Dimapur,Pleasant,High,Oct-Mar,Market Town,City,Medium
Nagaland,Mokokchung Hill,Pleasant,Low,Oct-Mar,Hill Views,Hill Station,Medium
Odisha,Chandragiri,Pleasant,Low,Oct-Mar,Hill Temple,Religious,Low
Odisha,Paradip,Pleasant,Moderate,Oct-Mar,Port City,City,Medium
Odisha,Bhitarkanika,Pleasant,Low,Oct-Mar,Mangrove & Wildlife,Wildlife,Medium
Punjab,Fatehgarh Sahib,Pleasant,Moderate,Oct-Mar,Religious Site,Religious,Low
Punjab,Hoshiarpur,Pleasant,Low,Oct-Mar,Temples & Forts,Historical,Low
Punjab,Gurdaspur,Pleasant,Moderate,Oct-Mar,River & Fort,Nature,Low
Rajasthan,Bundi,Pleasant,Low,Oct-Mar,Palaces & Stepwells,Historical,Medium
Rajasthan,Kota,Pleasant,Moderate,Oct-Mar,Palaces,Historical,Medium
Rajasthan,Sirohi,Pleasant,Low,Oct-Mar,Fort & Hills,Hill Station,Medium
Sikkim,Yumthang,Pleasant,Moderate,Mar-Jun,Valley of Flowers,Hill Station,Medium
Sikkim,Rangpo,Pleasant,Low,Mar-Jun,River Town,Nature,Low
Sikkim,Hee-Pokhri,Pleasant,Low,Mar-Jun,Lake,Hill Station,Low
Tamil Nadu,Coonoor,Pleasant,Moderate,Mar-Jun,Hill Station,Hill Station,Medium
Tamil Nadu,Kaveri Falls,Pleasant,Moderate,Oct-Mar,Waterfall,Nature,Medium
Tamil Nadu,Velankanni,Pleasant,High,Oct-Mar,Church,Religious,Low
Telangana,Nalgonda,Pleasant,Moderate,Oct-Feb,Fort & Temple,Historical,Low
Telangana,Khammam,Pleasant,Moderate,Oct-Feb,Fort Town,Historical,Low
Telangana,Vikarabad,Pleasant,Low,Oct-Feb,Hill Station,Hill Station,Medium
Tripura,Ambassa,Pleasant,Low,Oct-Mar,Scenic Village,Nature,Low
Tripura,Udaipur,Pleasant,Moderate,Oct-Mar,Lake Town,Nature,Low
Tripura,Amarpur,Pleasant,Low,Oct-Mar,Palaces & Lakes,Historical,Low
Uttar Pradesh,Sikandrabad,Pleasant,Moderate,Oct-Mar,Historical Town,Historical,Low
Uttar Pradesh,Banda,Pleasant,Low,Oct-Mar,Fort & Temples,Historical,Low
Uttar Pradesh,Fatehpur,Pleasant,Low,Oct-Mar,Heritage Monuments,Historical,Low
Uttarakhand,Chakrata,Pleasant,Low,Mar-Jun,Hill Station,Hill Station,Medium
Uttarakhand,Mukteshwar,Pleasant,Moderate,Mar-Jun,Hill View,Hill Station,Medium
Uttarakhand,Joshimath,Cold,Moderate,Apr-Jun,Hill Station,Hill Station,Medium
West Bengal,Kalna,Pleasant,Low,Oct-Mar,Temples,Historical,Low
West Bengal,Sagar Island,Pleasant,Moderate,Oct-Mar,Pilgrimage Site,Religious,Low
West Bengal,Bishnupur,Pleasant,Moderate,Oct-Mar,Terracotta Temples,Historical,Low
Andaman and Nicobar,Ross Island,Pleasant,Moderate,Oct-Mar,Historical Ruins,Historical,Medium
Andaman and Nicobar,Neil Beach,Pleasant,Low,Oct-Mar,Quiet Beach,Beach,Medium
Andaman and Nicobar,Little Andaman,Pleasant,Low,Oct-Mar,Waterfall & Beach,Nature,High
Chandigarh,Sukhna Nature Park,Pleasant,Moderate,Oct-Mar,Nature Park,Nature,Low
Dadra and Nagar Haveli,Silvassa Tribal Museum,Pleasant,Low,Oct-Mar,Tribal Artifacts,Cultural,Low
Daman and Diu,Diu Beach,Pleasant,High,Oct-Mar,Beach,Beach,Medium
Delhi,Jama Masjid,Pleasant,High,Oct-Mar,Historic Mosque,Religious,Low
Jammu and Kashmir,Patnitop,Cold,Moderate,May-Sep,Hill Station,Hill Station,Medium
Jammu and Kashmir,Gulmarg Gondola,Cold,High,Dec-Feb,Ski Resort,Hill Station,High
Ladakh,Hemis Monastery,Cold,Low,May-Sep,Monastery,Religious,Medium
Lakshadweep,Kadmat Island,Pleasant,Low,Oct-Mar,Coral Reef,Beach,High
Puducherry,Serenity Beach,Pleasant,Moderate,Oct-Mar,Quiet Beach,Beach,Medium
Puducherry,Chunnambar Boat House,Pleasant,Moderate,Oct-Mar,Backwater Boating,Nature,Medium
Uttar Pradesh,Kanshi Ram Smarak,Pleasant,Low,Oct-Mar,Memorial,Historical,Low
Uttar Pradesh,Chunar Fort,Pleasant,Low,Oct-Mar,Fort,Historical,Low
Uttar Pradesh,Varuna River,Pleasant,Low,Oct-Mar,Riverfront,Nature,Low
Uttar Pradesh,Bhognipur Temple,Pleasant,Low,Oct-Mar,Ancient Temple,Religious,Low
Uttar Pradesh,Chitrakoot Falls,Pleasant,Moderate,Oct-Mar,Waterfall,Nature,Medium

Rajasthan,Bundi Palace,Pleasant,Moderate,Oct-Mar,Palace,Historical,Medium
Rajasthan,Jawahar Sagar Dam,Pleasant,Low,Oct-Mar,Dam,Nature,Low
Rajasthan,Kumbhalgarh Fort,Pleasant,High,Oct-Mar,Fort,Historical,Medium
Rajasthan,Chopta,Pleasant,Moderate,Oct-Mar,Hill Station,Hill Station,Medium
Rajasthan,Sam Sand Dunes,Warm,High,Oct-Mar,Desert Safari,Adventure,Medium

Goa,Varca Beach,Warm,Moderate,Nov-Feb,Beach,Beach,Medium
Goa,Betul Beach,Warm,Low,Nov-Feb,Scenic Beach,Beach,Medium
Goa,Chorao Island,Pleasant,Low,Nov-Feb,Bird Sanctuary,Nature,Low
Goa,Salim Ali Bird Sanctuary,Pleasant,Low,Nov-Feb,Bird Watching,Wildlife,Low
Goa,Reis Magos Fort,Pleasant,Moderate,Nov-Feb,Fort,Historical,Medium

Himachal Pradesh,Khajjiar,Pleasant,Moderate,Mar-Jun,Mini Switzerland,Hill Station,Medium
Himachal Pradesh,Barot,Pleasant,Low,Mar-Jun,River & Hills,Nature,Low
Himachal Pradesh,Churdhar,Pleasant,Low,Mar-Jun,Trekking,Hill Station,Medium
Himachal Pradesh,Brahmaur,Pleasant,Low,Mar-Jun,Scenic Town,Hill Station,Low
Himachal Pradesh,Kotkhai,Pleasant,Low,Mar-Jun,Apple Orchards,Nature,Low

Punjab,Chheharta Sahib,Pleasant,Low,Oct-Mar,Religious Place,Religious,Low
Punjab,Quila Mubarak,Pleasant,Moderate,Oct-Mar,Historic Fort,Historical,Low
Punjab,Nangal Dam,Pleasant,Moderate,Oct-Mar,Dam,Nature,Medium
Punjab,Harike Wetland,Pleasant,Low,Oct-Mar,Bird Sanctuary,Wildlife,Low
Punjab,Sheesh Mahal,Pleasant,Moderate,Oct-Mar,Palace,Historical,Medium

Haryana,Takhni-Rehri,Pleasant,Low,Oct-Mar,Lake,Nature,Low
Haryana,Kalesar National Park,Pleasant,Low,Oct-Mar,Wildlife Sanctuary,Wildlife,Low
Haryana,Adi Badri,Pleasant,Low,Oct-Mar,Ancient Temple,Religious,Low
Haryana,Mangarh Hills,Pleasant,Low,Oct-Mar,Hill Views,Hill Station,Low
Haryana,Rohtak Solar Park,Pleasant,Moderate,Oct-Mar,Modern Attraction,Adventure,Low

Jammu and Kashmir,Verinag,Pleasant,Low,Apr-Jun,Spring & Temple,Nature,Low
Jammu and Kashmir,Aharbal,Cold,Moderate,Mar-Jun,Waterfall,Nature,Medium
Jammu and Kashmir,Shankaracharya Temple,Pleasant,High,Oct-Mar,Temple,Religious,Medium
Jammu and Kashmir,Banihal,Pleasant,Low,Oct-Mar,Hill Pass,Hill Station,Medium
Jammu and Kashmir,Sonamarg Gondola,Cold,Moderate,May-Sep,Snow Adventure,Hill Station,High

Ladakh,Hemis National Park,Cold,Low,May-Sep,Tiger Reserve,Wildlife,High
Ladakh,Stok Palace,Cold,Low,May-Sep,Palace,Historical,Medium
Ladakh,Chadar Trek,Cold,Moderate,Jan-Feb,Trekking,Adventure,High
Ladakh,Magnetic Hill,Cold,High,May-Sep,Gravity Hill,Adventure,Medium
Ladakh,Thiksey Monastery,Cold,Moderate,May-Sep,Monastery,Religious,Medium

Andaman and Nicobar,Radhanagar Beach,Pleasant,High,Oct-May,Sunset Beach,Beach,High
Andaman and Nicobar,Diglipur,Pleasant,Moderate,Oct-May,Nature & Islands,Nature,Medium
Andaman and Nicobar,Mayabunder,Pleasant,Low,Oct-May,Quiet Island,Nature,Medium
Andaman and Nicobar,Long Island,Pleasant,Low,Oct-May,Coral Reefs,Nature,Medium
Andaman and Nicobar,North Bay Island,Pleasant,High,Oct-May,Snorkeling,Beach,Medium

Chandigarh,Elante Mall,Pleasant,High,Oct-Mar,Shopping,City,Medium
Chandigarh,Japanese Garden,Pleasant,Moderate,Oct-Mar,Garden,Nature,Low
Chandigarh,Pinjore Hills,Pleasant,Low,Oct-Mar,Hill Station,Hill Station,Medium
Chandigarh,Sector 17 Market,Pleasant,High,Oct-Mar,Shopping,City,Low
Chandigarh,Mohali Cricket Stadium,Pleasant,High,Oct-Mar,Sports,Adventure,Medium
Maharashtra,Sahyadri Trek,Pleasant,Moderate,Oct-Mar,Hill Trek,Hill Station,Medium
Maharashtra,Amboli Waterfall,Pleasant,Low,Jun-Sep,Waterfall,Nature,Low
Maharashtra,Kokankada Fort,Pleasant,Low,Oct-Mar,Fort,Historical,Low
Maharashtra,Tadoba Lake,Pleasant,Low,Oct-Mar,Lake,Nature,Medium
Maharashtra,Murud Janjira,Pleasant,Moderate,Oct-Mar,Fort & Beach,Historical,Medium

Kerala,Parambikulam Tiger Reserve,Pleasant,Low,Oct-Mar,Wildlife,Wildlife,Medium
Kerala,Vypin Island,Pleasant,Moderate,Oct-Mar,Coastal,Nature,Low
Kerala,Meenmutty Falls,Pleasant,Low,Oct-Mar,Waterfall,Nature,Medium
Kerala,Chembra Peak,Pleasant,Moderate,Oct-Mar,Trekking,Hill Station,Medium
Kerala,Kumarakom Bird Sanctuary,Pleasant,Low,Oct-Mar,Bird Watching,Wildlife,Medium

Karnataka,Hampi Bazaar,Pleasant,High,Oct-Mar,Market,Historical,Medium
Karnataka,Jog Falls,Pleasant,High,Jul-Oct,Waterfall,Nature,Medium
Karnataka,Kudremukh,Pleasant,Low,Oct-Mar,Hill Trek,Hill Station,Medium
Karnataka,Coorg Abbey Falls,Pleasant,Moderate,Oct-Mar,Waterfall,Nature,Medium
Karnataka,Chitradurga Fort,Pleasant,Low,Oct-Mar,Fort,Historical,Medium

Tamil Nadu,Kolli Hills,Pleasant,Low,Oct-Mar,Hill Trek,Hill Station,Medium
Tamil Nadu,Hogenakkal Falls,Pleasant,Moderate,Oct-Mar,Waterfall,Nature,Medium
Tamil Nadu,Chettinad Mansions,Pleasant,Low,Oct-Mar,Heritage,Historical,Medium
Tamil Nadu,Yelagiri Hills,Pleasant,Low,Oct-Mar,Hill Station,Hill Station,Low
Tamil Nadu,Velankanni,Pleasant,High,Oct-Mar,Church,Religious,Medium

West Bengal,Sundarbans National Park,Pleasant,Moderate,Oct-Mar,Tiger Reserve,Wildlife,Medium
West Bengal,Bhutanata,Moderate,Low,Oct-Mar,Scenic Village,Nature,Low
West Bengal,Raiganj Wildlife Sanctuary,Pleasant,Low,Oct-Mar,Bird Watching,Wildlife,Medium
West Bengal,Digha Beach,Pleasant,High,Oct-Mar,Beach,Beach,Medium
West Bengal,Bishnupur Temples,Pleasant,Moderate,Oct-Mar,Temple,Historical,Medium

Odisha,Chilika Lake,Pleasant,Moderate,Oct-Mar,Lake,Nature,Medium
Odisha,Konark Beach,Pleasant,High,Oct-Mar,Sunset Beach,Beach,Medium
Odisha,Satkosia Gorge,Pleasant,Low,Oct-Mar,River Gorge,Nature,Low
Odisha,Debrigarh Wildlife Sanctuary,Pleasant,Low,Oct-Mar,Wildlife,Wildlife,Medium
Odisha,Raghurajpur Art Village,Pleasant,Low,Oct-Mar,Art & Culture,Cultural,Medium

Bihar,Bakhtiyarpur Fort,Pleasant,Low,Oct-Mar,Fort,Historical,Low
Bihar,Kesariya Stupa,Pleasant,Moderate,Oct-Mar,Buddhist Monument,Historical,Medium
Bihar,Barabar Caves,Pleasant,Low,Oct-Mar,Ancient Caves,Historical,Low
Bihar,Ganga Ghats,Pleasant,High,Oct-Mar,Riverfront,Religious,Medium
Bihar,Rajgir Hot Springs,Pleasant,Low,Oct-Mar,Nature,Wellness,Low

Jharkhand,Parasnath Hills,Pleasant,Low,Oct-Mar,Hill Trek,Religious,Medium
Jharkhand,Hirni Falls,Pleasant,Low,Oct-Mar,Waterfall,Nature,Low
Jharkhand,Ranchi Rock Garden,Pleasant,Moderate,Oct-Mar,Garden,Nature,Low
Jharkhand,Betla National Park,Pleasant,Low,Oct-Mar,Wildlife,Wildlife,Medium
Jharkhand,Jamshedpur Jubilee Park,Pleasant,Moderate,Oct-Mar,Park,City,Low

Chhattisgarh,Kanker Palace,Pleasant,Low,Oct-Mar,Palace,Historical,Medium
Chhattisgarh,Tirathgarh Falls,Pleasant,Moderate,Oct-Mar,Waterfall,Nature,Medium
Chhattisgarh,Chitrakot Falls,Pleasant,High,Jul-Oct,Waterfall,Nature,Medium
Chhattisgarh,Bastar Dussehra,Pleasant,High,Oct-Mar,Festival,Cultural,Medium
Chhattisgarh,Bandhavgarh Nala,Pleasant,Low,Oct-Mar,Wildlife,Wildlife,Medium

Telangana,Kakatiya Fort,Pleasant,Moderate,Oct-Mar,Fort,Historical,Medium
Telangana,Bhongir Fort,Pleasant,Low,Oct-Mar,Fort,Historical,Low
Telangana,Kuntala Falls,Pleasant,Low,Oct-Mar,Waterfall,Nature,Medium
Telangana,Nagarjuna Sagar Dam,Pleasant,Moderate,Oct-Mar,Dam,Nature,Medium
Telangana,Ramoji Film City,Pleasant,High,Oct-Mar,Film City,Entertainment,Medium

Andhra Pradesh,Borra Caves,Pleasant,Moderate,Oct-Mar,Caves,Adventure,Medium
Andhra Pradesh,Lepakshi Temple,Pleasant,Low,Oct-Mar,Temple,Historical,Medium
Andhra Pradesh,Araku Valley,Pleasant,Low,Oct-Mar,Hill Station,Hill Station,Medium
Andhra Pradesh,Thotapalli Barrage,Pleasant,Low,Oct-Mar,Dam,Nature,Low
Andhra Pradesh,Srikalahasti,Pleasant,High,Oct-Mar,Temple,Religious,Medium

Madhya Pradesh,Omkareshwar,Pleasant,Moderate,Oct-Mar,Temple,Religious,Medium
Madhya Pradesh,Bhedaghat,Pleasant,High,Oct-Mar,River & Rocks,Nature,Medium
Madhya Pradesh,Mandu,Pleasant,Moderate,Oct-Mar,Forts & Palaces,Historical,Medium
Madhya Pradesh,Chanderi,Pleasant,Low,Oct-Mar,Textile Village,Cultural,Medium
Madhya Pradesh,Ujjain,Pleasant,High,Oct-Mar,Temple Town,Religious,Medium
Dadra & Nagar Haveli,Saputara Hill,Pleasant,Low,Oct-Mar,Hill Trek,Hill Station,Medium
Dadra & Nagar Haveli,Van Nageshwar,Pleasant,Low,Oct-Mar,Forest,Nature,Low
Dadra & Nagar Haveli,Satmaliya Deer Park,Pleasant,Low,Oct-Mar,Wildlife,Wildlife,Low
Dadra & Nagar Haveli,Dadra Dam,Pleasant,Low,Oct-Mar,Dam,Nature,Low
Dadra & Nagar Haveli,Saptashrungi Hill,Pleasant,Moderate,Oct-Mar,Hill Station,Religious,Medium
Lakshadweep,Kavaratti Island,Pleasant,Low,Oct-Mar,Island,Nature,Medium
Lakshadweep,Agatti Island,Pleasant,Low,Oct-Mar,Island,Nature,Medium
Lakshadweep,Bangaram Island,Pleasant,Low,Oct-Mar,Island,Nature,Medium
Lakshadweep,Minicoy Island,Pleasant,Low,Oct-Mar,Island,Nature,Medium
Lakshadweep,Kalpeni Island,Pleasant,Low,Oct-Mar,Island,Nature,Medium
Daman & Diu,Jampore Beach,Pleasant,High,Oct-Mar,Beach,Beach,Medium
Daman & Diu,Diu Fort,Pleasant,Moderate,Oct-Mar,Fort,Historical,Medium
Daman & Diu,Ghoghla Beach,Pleasant,High,Oct-Mar,Beach,Beach,Medium
Daman & Diu,St. Paul’s Church,Pleasant,Low,Oct-Mar,Church,Historical,Low
Daman & Diu,Diu Lighthouse,Pleasant,Low,Oct-Mar,Lighthouse,Scenic,Low
Puducherry,Auroville,Pleasant,Moderate,Oct-Mar,Cultural,Spiritual,Medium
Puducherry,Paradise Beach,Pleasant,High,Oct-Mar,Beach,Beach,Medium
Puducherry,Arikamedu Ruins,Pleasant,Low,Oct-Mar,Archaeology,Historical,Low
Puducherry,Promenade Beach,Pleasant,High,Oct-Mar,Beach,Beach,Medium
Puducherry,Sri Aurobindo Ashram,Pleasant,Moderate,Oct-Mar,Ashram,Spiritual,Medium
Goa,Arambol Beach,Pleasant,High,Oct-Mar,Beach,Beach,Medium
Goa,Chapora Fort,Pleasant,Moderate,Oct-Mar,Fort,Historical,Medium
Goa,Divar Island,Pleasant,Low,Oct-Mar,Island,Nature,Low
Goa,Fontainhas,Pleasant,Low,Oct-Mar,Heritage,Cultural,Low
Goa,Salim Ali Bird Sanctuary,Pleasant,Low,Oct-Mar,Bird Watching,Wildlife,Medium
Himachal Pradesh,Triund Trek,Pleasant,Low,Apr-Oct,Hill Trek,Hill Station,Medium
Himachal Pradesh,Prashar Lake,Pleasant,Low,Apr-Oct,Lake,Nature,Low
Himachal Pradesh,Spiti Valley,Pleasant,Low,May-Sep,Valley,Hill Station,Medium
Himachal Pradesh,Chail Palace,Pleasant,Low,Apr-Oct,Palace,Historical,Low
Himachal Pradesh,Kasauli,Pleasant,Moderate,Oct-Mar,Hill Station,Hill Station,Medium
Uttar Pradesh,Chitrakoot,Pleasant,Moderate,Oct-Mar,Religious Town,Religious,Medium
Uttar Pradesh,Varanasi Ghats,Pleasant,High,Oct-Mar,Riverfront,Religious,High
Uttar Pradesh,Mathura Temples,Pleasant,High,Oct-Mar,Temple Town,Religious,Medium
Uttar Pradesh,Bara Imambara,Pleasant,Moderate,Oct-Mar,Heritage,Historical,Medium
Uttar Pradesh,Fatehpur Sikri,Pleasant,Moderate,Oct-Mar,Forts & Palaces,Historical,Medium
Rajasthan,Abhaneri Stepwell,Pleasant,Low,Oct-Mar,Heritage,Historical,Low
Rajasthan,Sam Sand Dunes,Pleasant,High,Oct-Mar,Desert Safari,Nature,Medium
Rajasthan,Kumbhalgarh Fort,Pleasant,Moderate,Oct-Mar,Fort,Historical,Medium
Rajasthan,Bundi Palace,Pleasant,Low,Oct-Mar,Palace,Historical,Low
Rajasthan,Pushkar Lake,Pleasant,High,Oct-Mar,Lake,Religious,Medium
Andhra Pradesh,Draksharamam, Pleasant, Moderate, Oct-Mar, Temple, Religious, Low
Andhra Pradesh,Simhachalam, Pleasant, Moderate, Oct-Mar, Temple, Religious, Low
Andhra Pradesh,Kailasagiri, Pleasant, High, Oct-Mar, Hill View, Hill Station, Medium
Andhra Pradesh,Borra Hills, Pleasant, Low, Oct-Mar, Natural Rocks, Nature, Medium
Andhra Pradesh,Undavalli Caves, Pleasant, Low, Oct-Mar, Rock-cut Caves, Historical, Low

Arunachal Pradesh,Dirang, Cold, Moderate, Mar-Oct, Valley View, Nature, Medium
Arunachal Pradesh,Bomdila Monastery, Cold, Low, Apr-Oct, Monastery, Religious, Medium
Arunachal Pradesh,Mechuka, Cold, Low, Mar-Oct, Scenic Valley, Nature, Medium
Arunachal Pradesh,Yangyang, Pleasant, Low, Mar-Oct, River View, Nature, Medium
Arunachal Pradesh,Tipi, Pleasant, Moderate, Mar-Oct, Wildlife Reserve, Wildlife, Medium

Assam,Sonitpur, Pleasant, Low, Oct-Mar, Wildlife Sanctuary, Wildlife, Medium
Assam,Dibrugarh, Pleasant, Moderate, Oct-Mar, Tea Gardens, Hill Station, Medium
Assam,Tinsukia, Pleasant, Low, Oct-Mar, Oil Heritage, Historical, Medium
Assam,Sivasagar, Pleasant, Moderate, Oct-Mar, Ahom Heritage, Historical, Medium
Assam,Digboi, Pleasant, Low, Oct-Mar, Oil Town, Historical, Low

Bihar,Chhath Ghat, Pleasant, High, Oct-Mar, Religious Site, Religious, Low
Bihar,Rajeev Gandhi Park, Pleasant, Moderate, Oct-Mar, Park, Nature, Low
Bihar,Maner Sharif, Pleasant, Moderate, Oct-Mar, Dargah, Religious, Low
Bihar,Sasaram Fort, Pleasant, Low, Oct-Mar, Fort, Historical, Low
Bihar,Bakhtiyarpur, Pleasant, Low, Oct-Mar, River Town, Nature, Low

Chhattisgarh,Kawardha Palace, Pleasant, Low, Oct-Mar, Palace, Historical, Low
Chhattisgarh,Champaran, Pleasant, Low, Oct-Mar, Historical Site, Historical, Low
Chhattisgarh,Mainpat, Pleasant, Moderate, Oct-Mar, Plateau, Nature, Medium
Chhattisgarh,Tirathgarh Falls, Pleasant, Moderate, Oct-Mar, Waterfall, Nature, Medium
Chhattisgarh,Kanha Hills, Pleasant, Low, Oct-Mar, Hill View, Hill Station, Medium

Delhi,Lodhi Garden, Pleasant, High, Oct-Mar, Garden, Nature, Low
Delhi,Humayun's Tomb, Pleasant, High, Oct-Mar, Tomb, Historical, Low
Delhi,Connaught Place, Pleasant, High, Oct-Mar, Market, City, Medium
Delhi,Jantar Mantar, Pleasant, High, Oct-Mar, Observatory, Historical, Low
Delhi,Raj Ghat, Pleasant, High, Oct-Mar, Memorial, Historical, Low

Goa,Morjim Beach, Warm, Moderate, Nov-Feb, Beach, Beach, Medium
Goa,Arambol, Warm, Moderate, Nov-Feb, Beach, Beach, Medium
Goa,Chorla Ghats, Pleasant, Low, Nov-Feb, Nature Reserve, Nature, Medium
Goa,Tiracol Fort, Warm, Low, Nov-Feb, Fort, Historical, Medium
Goa,Divar Island, Warm, Low, Nov-Feb, Island, Nature, Medium

Gujarat,Modhera Sun Temple, Pleasant, Low, Oct-Mar, Temple, Historical, Medium
Gujarat,Lakshman Jhula, Pleasant, Moderate, Oct-Mar, Bridge, Historical, Low
Gujarat,Gandhinagar, Pleasant, Moderate, Oct-Mar, City, City, Medium
Gujarat,Mount Girnar, Pleasant, Low, Oct-Mar, Hill, Hill Station, Medium
Gujarat,Jambughoda, Pleasant, Low, Oct-Mar, Wildlife Sanctuary, Wildlife, Medium

Haryana,Panipat, Pleasant, Low, Oct-Mar, Historical Site, Historical, Low
Haryana,Adalatgarh, Pleasant, Low, Oct-Mar, Fort, Historical, Low
Haryana,Karoh Peak, Pleasant, Moderate, Oct-Mar, Hill View, Hill Station, Medium
Haryana,Kurukshetra Museum, Pleasant, Low, Oct-Mar, Museum, Historical, Low
Haryana,Fatehabad Fort, Pleasant, Low, Oct-Mar, Fort, Historical, Low

Himachal Pradesh,Palampur, Pleasant, Moderate, Mar-Jun, Tea Gardens, Hill Station, Medium
Himachal Pradesh,Narkanda, Cold, Moderate, Dec-Feb, Skiing, Hill Station, Medium
Himachal Pradesh,Chowari, Cold, Low, Apr-Jun, Scenic Valley, Nature, Medium
Himachal Pradesh,Kangra, Pleasant, Low, Oct-Mar, Fort & Temple, Historical, Medium
Himachal Pradesh,Mcleodganj, Pleasant, High, Mar-Jun, Dalai Lama Temple, Hill Station, Medium

Jammu and Kashmir,Anantnag, Cold, Moderate, May-Sep, Hill View, Nature, Medium
Jammu and Kashmir,Betab Valley, Cold, Moderate, May-Sep, Scenic Valley, Nature, Medium
Jammu and Kashmir,Kishtwar, Cold, Low, May-Sep, Valley, Nature, Medium
Jammu and Kashmir,Sonamarg Meadows, Cold, Low, May-Sep, Meadow, Nature, Medium
Jammu and Kashmir,Botanical Garden Srinagar, Pleasant, Moderate, Apr-Oct, Garden, Nature, Medium

Jharkhand,Ratu Fort, Pleasant, Low, Oct-Mar, Fort, Historical, Low
Jharkhand,Jonha Falls, Pleasant, Moderate, Oct-Mar, Waterfall, Nature, Medium
Jharkhand,Hemkund Lake, Cold, Low, Apr-Oct, Lake, Nature, Medium
Jharkhand,Barkakana, Pleasant, Low, Oct-Mar, Town, City, Low
Jharkhand,Parasnath Hill, Pleasant, Moderate, Oct-Mar, Hill, Hill Station, Medium

Karnataka,Somnathpur, Pleasant, Low, Oct-Mar, Temple, Historical, Low
Karnataka,Karwar, Pleasant, Moderate, Oct-Mar, Beach, Beach, Medium
Karnataka,Kudremukh, Pleasant, Low, Oct-Mar, National Park, Wildlife, Medium
Karnataka,Coorg Abbey Falls, Pleasant, Moderate, Oct-Mar, Waterfall, Nature, Medium
Karnataka,St. Mary's Island, Pleasant, Moderate, Oct-Mar, Island, Nature, Medium

Kerala,Kollam, Pleasant, Moderate, Oct-Mar, Backwaters, Nature, Medium
Kerala,Thiruvananthapuram, Pleasant, High, Oct-Mar, City, City, Medium
Kerala,Kumarakom Bird Sanctuary, Pleasant, Moderate, Oct-Mar, Sanctuary, Wildlife, Medium
Kerala,Vagamon, Pleasant, Moderate, Oct-Mar, Hill View, Hill Station, Medium
Kerala,Athirapally Falls, Pleasant, Moderate, Oct-Mar, Waterfall, Nature, Medium

Madhya Pradesh,Khajuraho Museum, Pleasant, Moderate, Oct-Mar, Museum, Historical, Medium
Madhya Pradesh,Omkareshwar Temple, Pleasant, Moderate, Oct-Mar, Temple, Religious, Medium
Madhya Pradesh,Bhedaghat, Pleasant, Low, Oct-Mar, Waterfalls, Nature, Medium
Madhya Pradesh,Satpura National Park, Pleasant, Moderate, Nov-Mar, Wildlife, Wildlife, Medium
Madhya Pradesh,Chitrakoot, Pleasant, Moderate, Oct-Mar, Pilgrimage, Religious, Medium

Maharashtra,Tamhini Ghat, Pleasant, Low, Jun-Feb, Valley, Nature, Medium
Maharashtra,Sindhudurg Fort, Pleasant, Low, Nov-Feb, Fort, Historical, Medium
Maharashtra,Mahabaleshwar, Pleasant, High, Jun-Feb, Hill Station, Hill Station, Medium
Maharashtra,Panchgani, Pleasant, Moderate, Jun-Feb, Hill View, Hill Station, Medium
Maharashtra,Tuljapur, Pleasant, Low, Oct-Mar, Temple, Religious, Medium

Manipur,Moreh, Pleasant, Low, Oct-Mar, Border Town, City, Low
Manipur,Phungyar, Pleasant, Low, Oct-Mar, Hill View, Hill Station, Low
Manipur,Kaina, Pleasant, Low, Oct-Mar, Hill View, Hill Station, Low
Manipur,Sadar Hills, Pleasant, Moderate, Oct-Mar, Hill View, Hill Station, Medium
Manipur,Churachandpur, Pleasant, Low, Oct-Mar, Town, City, Low
Meghalaya,Laitumkhrah, Pleasant, Moderate, Oct-Mar, Hill Town, Hill Station, Medium
Meghalaya,Shillong Peak, Pleasant, High, Oct-Mar, Viewpoint, Hill Station, Medium
Meghalaya,Nongstoin, Pleasant, Low, Oct-Mar, Valley, Nature, Medium
Meghalaya,Cherrapunji Mawsmai Caves, Pleasant, Low, Oct-Mar, Cave, Nature, Medium
Meghalaya,Mawphlang, Pleasant, Low, Oct-Mar, Forest, Nature, Medium

Mizoram,Lunglei, Pleasant, Moderate, Oct-Mar, Hill Town, Hill Station, Medium
Mizoram,Aizawl, Pleasant, Moderate, Oct-Mar, City, City, Medium
Mizoram,Serchhip, Pleasant, Low, Oct-Mar, Hill View, Hill Station, Medium
Mizoram,Reiek, Pleasant, Moderate, Oct-Mar, Hill, Nature, Medium
Mizoram,Saiha, Pleasant, Low, Oct-Mar, Town, City, Low

Nagaland,Kohima, Pleasant, Moderate, Oct-Mar, City, Hill Station, Medium
Nagaland,Dimapur, Pleasant, Moderate, Oct-Mar, Town, City, Medium
Nagaland,Mokokchung, Pleasant, Low, Oct-Mar, Hill Town, Hill Station, Medium
Nagaland,Phek, Pleasant, Low, Oct-Mar, Hill View, Nature, Medium
Nagaland,Wokha, Pleasant, Low, Oct-Mar, Hill, Nature, Medium

Odisha,Chilika Lake, Pleasant, Moderate, Oct-Mar, Lake, Nature, Medium
Odisha,Konark, Pleasant, High, Oct-Mar, Temple, Historical, Medium
Odisha,Chandrabhaga Beach, Pleasant, Moderate, Oct-Mar, Beach, Beach, Medium
Odisha,Debrigarh, Pleasant, Low, Oct-Mar, Wildlife Sanctuary, Wildlife, Medium
Odisha,Daringbadi, Pleasant, Low, Oct-Mar, Hill Station, Hill Station, Medium

Puducherry,Auroville, Pleasant, Moderate, Oct-Mar, City, Spiritual, Medium
Puducherry,Paradise Beach, Warm, Moderate, Oct-Mar, Beach, Beach, Medium
Puducherry,Chunnambar Boat House, Warm, Low, Oct-Mar, River, Nature, Medium
Puducherry,Arikamedu, Warm, Low, Oct-Mar, Archaeological Site, Historical, Medium
Puducherry,Rock Beach, Warm, Moderate, Oct-Mar, Beach, Beach, Medium

Punjab,Jallianwala Bagh, Pleasant, High, Oct-Mar, Memorial, Historical, Low
Punjab,Anandpur Sahib, Pleasant, Moderate, Oct-Mar, Gurdwara, Religious, Medium
Punjab,Sheesh Mahal, Pleasant, Moderate, Oct-Mar, Palace, Historical, Medium
Punjab,Harike Wetland, Pleasant, Low, Oct-Mar, Wildlife Sanctuary, Wildlife, Medium
Punjab,Khanna, Pleasant, Low, Oct-Mar, Town, City, Low

Rajasthan,Bundi Palace, Pleasant, High, Oct-Mar, Palace, Historical, Medium
Rajasthan,Mount Abu, Pleasant, Moderate, Oct-Mar, Hill Station, Hill Station, Medium
Rajasthan,Jaisalmer Fort, Pleasant, High, Oct-Mar, Fort, Historical, Medium
Rajasthan,Pushkar, Pleasant, Moderate, Oct-Mar, Religious Site, Religious, Medium
Rajasthan,Chittorgarh, Pleasant, Moderate, Oct-Mar, Fort, Historical, Medium

Sikkim,Gangtok, Pleasant, Moderate, Oct-Mar, City, Hill Station, Medium
Sikkim,Yuksom, Pleasant, Low, Oct-Mar, Valley, Nature, Medium
Sikkim,Pelling, Pleasant, Moderate, Oct-Mar, Hill View, Hill Station, Medium
Sikkim,Rumtek Monastery, Pleasant, Low, Oct-Mar, Monastery, Religious, Medium
Sikkim,Zuluk, Cold, Low, Oct-Mar, Scenic View, Nature, Medium

Tamil Nadu,Chettinad, Pleasant, Moderate, Oct-Mar, Heritage Town, Historical, Medium
Tamil Nadu,Yelagiri, Pleasant, Low, Oct-Mar, Hill Station, Hill Station, Medium
Tamil Nadu,Kolli Hills, Pleasant, Moderate, Oct-Mar, Hill View, Hill Station, Medium
Tamil Nadu,Kancheepuram, Pleasant, High, Oct-Mar, Temple City, Religious, Medium
Tamil Nadu,Hogenakkal Falls, Pleasant, Low, Oct-Mar, Waterfall, Nature, Medium

Telangana,Nagarjuna Sagar, Pleasant, Moderate, Oct-Mar, Dam & Lake, Nature, Medium
Telangana,Warangal Fort, Pleasant, Moderate, Oct-Mar, Fort, Historical, Medium
Telangana,Bhadrachalam, Pleasant, High, Oct-Mar, Temple Town, Religious, Medium
Telangana,Kuntala Falls, Pleasant, Low, Oct-Mar, Waterfall, Nature, Medium
Telangana,Medak Church, Pleasant, Moderate, Oct-Mar, Church, Historical, Medium

Tripura,Udaipur Palace, Pleasant, Moderate, Oct-Mar, Palace, Historical, Medium
Tripura,Neermahal, Pleasant, Moderate, Oct-Mar, Palace, Historical, Medium
Tripura,Tripura Sundari Temple, Pleasant, High, Oct-Mar, Temple, Religious, Medium
Tripura,Jampui Hills, Pleasant, Low, Oct-Mar, Hill View, Hill Station, Medium
Tripura,Sepahijala, Pleasant, Low, Oct-Mar, Wildlife Sanctuary, Wildlife, Medium

Uttar Pradesh,Chitrakoot, Pleasant, Moderate, Oct-Mar, Pilgrimage, Religious, Medium
Uttar Pradesh,Varanasi Ghats, Pleasant, High, Oct-Mar, River Ghats, Religious, Medium
Uttar Pradesh,Mathura, Pleasant, Moderate, Oct-Mar, Temple Town, Religious, Medium
Uttar Pradesh,Ayodhya, Pleasant, Moderate, Oct-Mar, Pilgrimage, Religious, Medium
Uttar Pradesh,Kanhauli, Pleasant, Low, Oct-Mar, Fort, Historical, Medium

Uttarakhand,Auli, Cold, Moderate, Dec-Feb, Ski Resort, Hill Station, Medium
Uttarakhand,Nainital, Pleasant, High, Oct-Mar, Hill Station, Hill Station, Medium
Uttarakhand,Rishikesh, Pleasant, Moderate, Oct-Mar, River Town, Spiritual, Medium
Uttarakhand,Hemkund Sahib, Cold, Low, May-Oct, Pilgrimage, Religious, Medium
Uttarakhand,Dehradun, Pleasant, Moderate, Oct-Mar, City, City, Medium

West Bengal,Darjeeling, Pleasant, High, Oct-Mar, Hill Station, Hill Station, Medium
West Bengal,Sundarbans, Pleasant, Low, Oct-Mar, Wildlife, Wildlife, Medium
West Bengal,Shantiniketan, Pleasant, Moderate, Oct-Mar, Heritage Town, Historical, Medium
West Bengal,Kolkata Victoria Memorial, Pleasant, High, Oct-Mar, Monument, Historical, Medium
West Bengal,Murshidabad, Pleasant, Moderate, Oct-Mar, Historical Town, Historical, Medium
Andaman & Nicobar,Neil Island, Pleasant, Low, Oct-Mar, Beach, Nature, Medium
Andaman & Nicobar,Havelock Island, Pleasant, Low, Oct-Mar, Beach, Nature, Medium
Andaman & Nicobar,Baratang Island, Pleasant, Low, Oct-Mar, Mangrove, Nature, Medium
Andaman & Nicobar,Radhanagar Beach, Pleasant, Low, Oct-Mar, Beach, Nature, Medium
Andaman & Nicobar,Diglipur, Pleasant, Low, Oct-Mar, Town, Nature, Medium

Chhattisgarh,Chitrakote Falls, Pleasant, Low, Oct-Mar, Waterfall, Nature, Medium
Chhattisgarh,Bastar Palace, Pleasant, Moderate, Oct-Mar, Palace, Historical, Medium
Chhattisgarh,Kanker, Pleasant, Low, Oct-Mar, Fort, Historical, Medium
Chhattisgarh,Maitri Bagh Zoo, Pleasant, Low, Oct-Mar, Zoo, Wildlife, Medium
Chhattisgarh,Kawardha, Pleasant, Moderate, Oct-Mar, Palace, Historical, Medium

Goa,Palolem Beach, Pleasant, Low, Oct-Mar, Beach, Beach, Medium
Goa,Baga Beach, Pleasant, Moderate, Oct-Mar, Beach, Beach, Medium
Goa,Chapora Fort, Pleasant, Low, Oct-Mar, Fort, Historical, Medium
Goa,Salim Ali Bird Sanctuary, Pleasant, Low, Oct-Mar, Wildlife, Nature, Medium
Goa,Dudhsagar Falls, Pleasant, Low, Oct-Mar, Waterfall, Nature, Medium

Haryana,Surajkund, Pleasant, Moderate, Oct-Mar, Crafts Fair, Cultural, Medium
Haryana,Panipat, Pleasant, Moderate, Oct-Mar, Fort, Historical, Medium
Haryana,Kurukshetra, Pleasant, High, Oct-Mar, Religious Site, Religious, Medium
Haryana,Brahat, Pleasant, Low, Oct-Mar, Town, Nature, Medium
Haryana,Morni Hills, Pleasant, Low, Oct-Mar, Hill, Nature, Medium

Himachal Pradesh,Spiti Valley, Cold, Low, May-Sep, Valley, Nature, Medium
Himachal Pradesh,Manali, Pleasant, High, Oct-Mar, Hill Station, Hill Station, Medium
Himachal Pradesh,Shimla, Pleasant, High, Oct-Mar, Hill Station, Hill Station, Medium
Himachal Pradesh,Dharamshala, Pleasant, Moderate, Oct-Mar, Hill Station, Hill Station, Medium
Himachal Pradesh,Kullu, Pleasant, Moderate, Oct-Mar, Valley, Hill Station, Medium

Jharkhand,Deoghar, Pleasant, Moderate, Oct-Mar, Temple Town, Religious, Medium
Jharkhand,Ranchi, Pleasant, Moderate, Oct-Mar, City, City, Medium
Jharkhand,Bokaro, Pleasant, Moderate, Oct-Mar, City, City, Medium
Jharkhand,Jamshedpur, Pleasant, Moderate, Oct-Mar, City, City, Medium
Jharkhand,Daltonganj, Pleasant, Low, Oct-Mar, Town, Nature, Medium

Kerala,Alleppey, Pleasant, Moderate, Oct-Mar, Backwater, Nature, Medium
Kerala,Munnar, Pleasant, Moderate, Oct-Mar, Hill Station, Hill Station, Medium
Kerala,Thekkady, Pleasant, Low, Oct-Mar, Wildlife Sanctuary, Wildlife, Medium
Kerala,Kumarakom, Pleasant, Low, Oct-Mar, Backwater, Nature, Medium
Kerala,Kovalam, Pleasant, Moderate, Oct-Mar, Beach, Beach, Medium

Lakshadweep,Kavaratti, Pleasant, Low, Oct-Mar, Island, Nature, Medium
Lakshadweep,Agatti, Pleasant, Low, Oct-Mar, Island, Nature, Medium
Lakshadweep,Bangaram, Pleasant, Low, Oct-Mar, Island, Nature, Medium
Lakshadweep,Minicoy, Pleasant, Low, Oct-Mar, Island, Nature, Medium
Lakshadweep,Kalpeni, Pleasant, Low, Oct-Mar, Island, Nature, Medium

Manipur,Imphal, Pleasant, Moderate, Oct-Mar, City, City, Medium
Manipur,Ukhrul, Pleasant, Low, Oct-Mar, Hill Town, Hill Station, Medium
Manipur,Moirang, Pleasant, Low, Oct-Mar, Lake, Nature, Medium
Manipur,Moreh, Pleasant, Low, Oct-Mar, Town, Border, Medium
Manipur,Senapati, Pleasant, Low, Oct-Mar, Hill, Nature, Medium

Maharashtra,Lonavala, Pleasant, Moderate, Oct-Mar, Hill Station, Hill Station, Medium
Maharashtra,Mahabaleshwar, Pleasant, Moderate, Oct-Mar, Hill Station, Hill Station, Medium
Maharashtra,Pune, Pleasant, High, Oct-Mar, City, City, Medium
Maharashtra,Nashik, Pleasant, Moderate, Oct-Mar, City, City, Medium
Maharashtra,Alibaug, Pleasant, Moderate, Oct-Mar, Beach, Beach, Medium

Meghalaya,Shillong, Pleasant, Moderate, Oct-Mar, Hill Station, Hill Station, Medium
Meghalaya,Cherrapunji, Pleasant, High, Oct-Mar, Hill Station, Nature, Medium
Meghalaya,Mawlynnong, Pleasant, Low, Oct-Mar, Village, Nature, Medium
Meghalaya,Nongkrem, Pleasant, Low, Oct-Mar, Village, Cultural, Medium
Meghalaya,Laitumkhrah, Pleasant, Moderate, Oct-Mar, Town, Hill Station, Medium

Mizoram,Aizawl, Pleasant, Moderate, Oct-Mar, City, City, Medium
Mizoram,Lunglei, Pleasant, Low, Oct-Mar, Town, Hill Station, Medium
Mizoram,Serchhip, Pleasant, Low, Oct-Mar, Town, Hill Station, Medium
Mizoram,Saiha, Pleasant, Low, Oct-Mar, Town, Hill Station, Medium
Mizoram,Champhai, Pleasant, Low, Oct-Mar, Town, Nature, Medium

Nagaland,Kohima, Pleasant, Moderate, Oct-Mar, City, Hill Station, Medium
Nagaland,Dimapur, Pleasant, Moderate, Oct-Mar, City, City, Medium
Nagaland,Mokokchung, Pleasant, Low, Oct-Mar, Town, Nature, Medium
Nagaland,Phek, Pleasant, Low, Oct-Mar, Town, Nature, Medium
Nagaland,Wokha, Pleasant, Low, Oct-Mar, Town, Hill, Medium

Odisha,Bhubaneswar, Pleasant, High, Oct-Mar, City, City, Medium
Odisha,Puri, Pleasant, High, Oct-Mar, Temple Town, Religious, Medium
Odisha,Konark, Pleasant, High, Oct-Mar, Temple, Historical, Medium
Odisha,Chilika, Pleasant, Low, Oct-Mar, Lake, Nature, Medium
Odisha,Satkosia, Pleasant, Low, Oct-Mar, Wildlife, Nature, Medium

Puducherry,Puducherry, Pleasant, Moderate, Oct-Mar, City, City, Medium
Puducherry,Auroville, Pleasant, Low, Oct-Mar, Town, Spiritual, Medium
Puducherry,Paradise Beach, Pleasant, Low, Oct-Mar, Beach, Beach, Medium
Puducherry,Chunnambar, Pleasant, Low, Oct-Mar, River, Nature, Medium
Puducherry,Arikamedu, Pleasant, Low, Oct-Mar, Archaeological, Historical, Medium

